,pca_variable_name,pca_actual_variable,pca_value
0,product_type_name_Accessories set,product_type_name,0.07158668894968613
1,product_type_name_Alice band,product_type_name,0.05311949100394451
2,product_type_name_Baby Bib,product_type_name,0.04940208016531588
3,product_type_name_Backpack,product_type_name,0.036345378861192844
4,product_type_name_Bag,product_type_name,0.035503504199597594
5,product_type_name_Ballerinas,product_type_name,0.03196344444381621
6,product_type_name_Beanie,product_type_name,0.03053161589184041
7,product_type_name_Belt,product_type_name,0.028187046034436697
8,product_type_name_Bikini top,product_type_name,0.025814598930063645
9,product_type_name_Blanket,product_type_name,0.022681379035047716
10,product_type_name_Blazer,product_type_name,0.019498865435946706
11,product_type_name_Blouse,product_type_name,0.01893790052806127
12,product_type_name_Bodysuit,product_type_name,0.01799567967760684
13,product_type_name_Bootie,product_type_name,0.01613424228558969
14,product_type_name_Boots,product_type_name,0.015568996006810004
15,product_type_name_Bra,product_type_name,0.01439091048819392
16,product_type_name_Bra extender,product_type_name,0.01413955618506115
17,product_type_name_Bracelet,product_type_name,0.012743594639609937
18,product_type_name_Braces,product_type_name,0.012211202685889969
19,product_type_name_Bucket hat,product_type_name,0.011304711261292646
20,product_type_name_Bumbag,product_type_name,0.010835127162118645
21,product_type_name_Cap,product_type_name,0.009760037990927284
22,product_type_name_Cap/peaked,product_type_name,0.009073248663317412
23,product_type_name_Cardigan,product_type_name,0.008906286879546022
24,product_type_name_Chem. cosmetics,product_type_name,0.008252930647879802
25,product_type_name_Clothing mist,product_type_name,0.007971625328523432
26,product_type_name_Coat,product_type_name,0.007680644384262289
27,product_type_name_Costumes,product_type_name,0.007427439624695696
28,product_type_name_Cross-body bag,product_type_name,0.007292688451017067
29,product_type_name_Cushion,product_type_name,0.0070832400639125395
30,product_type_name_Dog Wear,product_type_name,0.006846666931094664
31,product_type_name_Dog wear,product_type_name,0.006721356568111931
32,product_type_name_Dress,product_type_name,0.006492002696094162
33,product_type_name_Dungarees,product_type_name,0.0063905392611919125
34,product_type_name_Earring,product_type_name,0.006188760391262519
35,product_type_name_Earrings,product_type_name,0.005885292849924229
36,product_type_name_Eyeglasses,product_type_name,0.005697651877857082
37,product_type_name_Felt hat,product_type_name,0.005560589901080221
38,product_type_name_Fine cosmetics,product_type_name,0.0054742984674231825
39,product_type_name_Flat shoe,product_type_name,0.005362292239085242
40,product_type_name_Flat shoes,product_type_name,0.0051958861472976
41,product_type_name_Flip flop,product_type_name,0.004971622640705814
42,product_type_name_Garment Set,product_type_name,0.004898057406593679
43,product_type_name_Giftbox,product_type_name,0.004761229516058532
44,product_type_name_Gloves,product_type_name,0.004718626738128727
45,product_type_name_Hair clip,product_type_name,0.004658295976350349
46,product_type_name_Hair string,product_type_name,0.004469780522153606
47,product_type_name_Hair ties,product_type_name,0.004322616110232978
48,product_type_name_Hair/alice band,product_type_name,0.0042234527358985365
49,product_type_name_Hairband,product_type_name,0.0040733587268009025
50,product_type_name_Hat/beanie,product_type_name,0.003969796485544059
51,product_type_name_Hat/brim,product_type_name,0.003898968152058829
52,product_type_name_Headband,product_type_name,0.0036832953487085846
53,product_type_name_Heeled sandals,product_type_name,0.003650913911765495
54,product_type_name_Heels,product_type_name,0.003613262662511654
55,product_type_name_Hoodie,product_type_name,0.0035840368638593817
56,product_type_name_Jacket,product_type_name,0.0034359846029896964
57,product_type_name_Jumpsuit/Playsuit,product_type_name,0.0033864097053299415
58,product_type_name_Keychain,product_type_name,0.003325847565286966
59,product_type_name_Kids Underwear top,product_type_name,0.003319482081072211
60,product_type_name_Leg warmers,product_type_name,0.0032586801975926587
61,product_type_name_Leggings/Tights,product_type_name,0.003245304475707514
62,product_type_name_Long John,product_type_name,0.0031863984977564693
63,product_type_name_Marker pen,product_type_name,0.00314323818356536
64,product_type_name_Mobile case,product_type_name,0.0030866643552363805
65,product_type_name_Moccasins,product_type_name,0.003037827810912376
66,product_type_name_Necklace,product_type_name,0.002985310565988663
67,product_type_name_Night gown,product_type_name,0.002944212582407439
68,product_type_name_Nipple covers,product_type_name,0.0029363856105864266
69,product_type_name_Other accessories,product_type_name,0.002896519239612123
70,product_type_name_Other shoe,product_type_name,0.002870973532969184
71,product_type_name_Outdoor Waistcoat,product_type_name,0.0027815836278344973
72,product_type_name_Outdoor overall,product_type_name,0.0027316948236313426
73,product_type_name_Outdoor trousers,product_type_name,0.0027072852371811075
74,product_type_name_Polo shirt,product_type_name,0.002662869142641498
75,product_type_name_Pre-walkers,product_type_name,0.0026208569199439834
76,product_type_name_Pumps,product_type_name,0.0025775723845372434
77,product_type_name_Pyjama bottom,product_type_name,0.0025217537384804134
78,product_type_name_Pyjama jumpsuit/playsuit,product_type_name,0.002456893848729509
79,product_type_name_Pyjama set,product_type_name,0.0024105052864396006
80,product_type_name_Ring,product_type_name,0.0023909676046992654
81,product_type_name_Robe,product_type_name,0.002327623194402643
82,product_type_name_Sandals,product_type_name,0.0022734871474278497
83,product_type_name_Sarong,product_type_name,0.0022607927640318536
84,product_type_name_Scarf,product_type_name,0.002176786953256951
85,product_type_name_Sewing kit,product_type_name,0.002107125292515392
86,product_type_name_Shirt,product_type_name,0.002069930548491837
87,product_type_name_Shorts,product_type_name,0.0020456302318811463
88,product_type_name_Shoulder bag,product_type_name,0.0019991007261219106
89,product_type_name_Side table,product_type_name,0.001960400738065065
90,product_type_name_Skirt,product_type_name,0.0019156300997910949
91,product_type_name_Sleep Bag,product_type_name,0.0018799331299853854
92,product_type_name_Sleeping sack,product_type_name,0.0018497746349835117
93,product_type_name_Slippers,product_type_name,0.0018000193748993185
94,product_type_name_Sneakers,product_type_name,0.0017800915785069309
95,product_type_name_Socks,product_type_name,0.0017707933269268262
96,product_type_name_Soft Toys,product_type_name,0.0017304114036326233
97,product_type_name_Stain remover spray,product_type_name,0.0016989259871870578
98,product_type_name_Straw hat,product_type_name,0.0016702339277195153
99,product_type_name_Sunglasses,product_type_name,0.0016595390439946625
100,product_type_name_Sweater,product_type_name,0.001648270596866693
101,product_type_name_Swimsuit,product_type_name,0.0016212960425218315
102,product_type_name_Swimwear bottom,product_type_name,0.0015857217056407114
103,product_type_name_Swimwear set,product_type_name,0.0015747830424034893
104,product_type_name_Swimwear top,product_type_name,0.0015695011262988055
105,product_type_name_T-shirt,product_type_name,0.0015478088061255163
106,product_type_name_Tailored Waistcoat,product_type_name,0.0015213028611890192
107,product_type_name_Tie,product_type_name,0.0014811150832982566
108,product_type_name_Top,product_type_name,0.0014742241747052122
109,product_type_name_Tote bag,product_type_name,0.001451591153950084
110,product_type_name_Towel,product_type_name,0.0014253662884921932
111,product_type_name_Toy,product_type_name,0.0013986457128344091
112,product_type_name_Trousers,product_type_name,0.0013697188858094779
113,product_type_name_Umbrella,product_type_name,0.0013610983625147093
114,product_type_name_Underdress,product_type_name,0.001326790192446629
115,product_type_name_Underwear Tights,product_type_name,0.001304885245244965
116,product_type_name_Underwear body,product_type_name,0.0013041161998610105
117,product_type_name_Underwear bottom,product_type_name,0.0012846013777647691
118,product_type_name_Underwear corset,product_type_name,0.0012733861447442813
119,product_type_name_Underwear set,product_type_name,0.0012654972054242622
120,product_type_name_Unknown,product_type_name,0.0012613842961382955
121,product_type_name_Vest top,product_type_name,0.0012551489718244254
122,product_type_name_Wallet,product_type_name,0.0012308130880191186
123,product_type_name_Washing bag,product_type_name,0.0012205914768387465
124,product_type_name_Watch,product_type_name,0.0012142962225634118
125,product_type_name_Waterbottle,product_type_name,0.001198719527631866
126,product_type_name_Wedge,product_type_name,0.001185571645056963
127,product_type_name_Weekend/Gym bag,product_type_name,0.001170989573529613
128,product_type_name_Wireless earphone case,product_type_name,0.0011489193494900543
129,product_type_name_Wood balls,product_type_name,0.00113395470734715
130,product_type_name_Zipper head,product_type_name,0.0011278215184306038
131,product_group_name_Accessories,product_group_name,0.001108232070734932
132,product_group_name_Bags,product_group_name,0.00109828652684707
133,product_group_name_Cosmetic,product_group_name,0.0010844138010340512
134,product_group_name_Fun,product_group_name,0.0010608477174809505
135,product_group_name_Furniture,product_group_name,0.0010550802520727569
136,product_group_name_Garment Full body,product_group_name,0.0010392012523832747
137,product_group_name_Garment Lower body,product_group_name,0.0010339342019409785
138,product_group_name_Garment Upper body,product_group_name,0.0010231335501250099
139,product_group_name_Garment and Shoe care,product_group_name,0.0010196862292142538
140,product_group_name_Interior textile,product_group_name,0.0009958771262329096
141,product_group_name_Items,product_group_name,0.000986084219661734
142,product_group_name_Nightwear,product_group_name,0.00096354599599395
143,product_group_name_Shoes,product_group_name,0.0009604115806712131
144,product_group_name_Socks & Tights,product_group_name,0.0009428539044187211
145,product_group_name_Stationery,product_group_name,0.0009400563152306233
146,product_group_name_Swimwear,product_group_name,0.0009332582382547008
147,product_group_name_Underwear,product_group_name,0.0009203378980169032
148,product_group_name_Underwear/nightwear,product_group_name,0.0009151482099553305
149,product_group_name_Unknown,product_group_name,0.0009083663179270042
150,graphical_appearance_name_All over pattern,graphical_appearance_name,0.0008714962851783472
151,graphical_appearance_name_Application/3D,graphical_appearance_name,0.0008663839551984279
152,graphical_appearance_name_Argyle,graphical_appearance_name,0.0008558088728497369
153,graphical_appearance_name_Chambray,graphical_appearance_name,0.00085473597824008
154,graphical_appearance_name_Check,graphical_appearance_name,0.0008462748897709882
155,graphical_appearance_name_Colour blocking,graphical_appearance_name,0.0008265841750703395
156,graphical_appearance_name_Contrast,graphical_appearance_name,0.0008195870233355662
157,graphical_appearance_name_Denim,graphical_appearance_name,0.0008177264726605968
158,graphical_appearance_name_Dot,graphical_appearance_name,0.0008099374344606162
159,graphical_appearance_name_Embroidery,graphical_appearance_name,0.0008011297909965678
160,graphical_appearance_name_Front print,graphical_appearance_name,0.0007779288100735769
161,graphical_appearance_name_Glittering/Metallic,graphical_appearance_name,0.0007648681968216
162,graphical_appearance_name_Hologram,graphical_appearance_name,0.0007539354055742532
163,graphical_appearance_name_Jacquard,graphical_appearance_name,0.0007491342134926002
164,graphical_appearance_name_Lace,graphical_appearance_name,0.0007414474677679468
165,graphical_appearance_name_Melange,graphical_appearance_name,0.0007215544211041099
166,graphical_appearance_name_Mesh,graphical_appearance_name,0.0007189127514847065
167,graphical_appearance_name_Metallic,graphical_appearance_name,0.0007039271159767039
168,graphical_appearance_name_Mixed solid/pattern,graphical_appearance_name,0.0007008168561763821
169,graphical_appearance_name_Neps,graphical_appearance_name,0.0006971737922670216
170,graphical_appearance_name_Other pattern,graphical_appearance_name,0.0006913883598786983
171,graphical_appearance_name_Other structure,graphical_appearance_name,0.0006835537595268436
172,graphical_appearance_name_Placement print,graphical_appearance_name,0.0006790329770813404
173,graphical_appearance_name_Sequin,graphical_appearance_name,0.0006741838442894726
174,graphical_appearance_name_Slub,graphical_appearance_name,0.0006668201234023648
175,graphical_appearance_name_Solid,graphical_appearance_name,0.0006506164199529968
176,graphical_appearance_name_Stripe,graphical_appearance_name,0.0006453916070347159
177,graphical_appearance_name_Transparent,graphical_appearance_name,0.0006448842450624815
178,graphical_appearance_name_Treatment,graphical_appearance_name,0.0006372718363079118
179,graphical_appearance_name_Unknown,graphical_appearance_name,0.0006286903471153847
180,colour_group_name_Beige,colour_group_name,0.0006210551384685832
181,colour_group_name_Black,colour_group_name,0.0006184382263884557
182,colour_group_name_Blue,colour_group_name,0.0006124066708474267
183,colour_group_name_Bronze/Copper,colour_group_name,0.0005948029266956494
184,colour_group_name_Dark Beige,colour_group_name,0.0005924695139890317
185,colour_group_name_Dark Blue,colour_group_name,0.0005783764698315452
186,colour_group_name_Dark Green,colour_group_name,0.0005650130640969338
187,colour_group_name_Dark Grey,colour_group_name,0.00056358626409193
188,colour_group_name_Dark Orange,colour_group_name,0.0005542902452093876
189,colour_group_name_Dark Pink,colour_group_name,0.0005421221735148963
190,colour_group_name_Dark Purple,colour_group_name,0.0005337599121817412
191,colour_group_name_Dark Red,colour_group_name,0.0005271660054003063
192,colour_group_name_Dark Turquoise,colour_group_name,0.000517234456188073
193,colour_group_name_Dark Yellow,colour_group_name,0.0005070021735253048
194,colour_group_name_Gold,colour_group_name,0.0005027263672781902
195,colour_group_name_Green,colour_group_name,0.0004985338079460302
196,colour_group_name_Greenish Khaki,colour_group_name,0.0004962128666329109
197,colour_group_name_Grey,colour_group_name,0.0004937560879981919
198,colour_group_name_Greyish Beige,colour_group_name,0.0004913466931216755
199,colour_group_name_Light Beige,colour_group_name,0.00048514085334334136
200,colour_group_name_Light Blue,colour_group_name,0.0004837886570950549
201,colour_group_name_Light Green,colour_group_name,0.0004786800935656431
202,colour_group_name_Light Grey,colour_group_name,0.0004741936608908472
203,colour_group_name_Light Orange,colour_group_name,0.00046877711167092736
204,colour_group_name_Light Pink,colour_group_name,0.0004658371228254746
205,colour_group_name_Light Purple,colour_group_name,0.0004613659853152322
206,colour_group_name_Light Red,colour_group_name,0.0004601164401005246
207,colour_group_name_Light Turquoise,colour_group_name,0.0004579323938357652
208,colour_group_name_Light Yellow,colour_group_name,0.00045730654271449177
209,colour_group_name_Off White,colour_group_name,0.0004541870269770093
210,colour_group_name_Orange,colour_group_name,0.00045235700794998113
211,colour_group_name_Other,colour_group_name,0.00044719637252168886
212,colour_group_name_Other Blue,colour_group_name,0.00044411241256610154
213,colour_group_name_Other Green,colour_group_name,0.00044197247379106845
214,colour_group_name_Other Orange,colour_group_name,0.00043985211358560014
215,colour_group_name_Other Pink,colour_group_name,0.00043756489271988346
216,colour_group_name_Other Purple,colour_group_name,0.00043210392670309217
217,colour_group_name_Other Red,colour_group_name,0.00042967025717747506
218,colour_group_name_Other Turquoise,colour_group_name,0.0004224576859208108
219,colour_group_name_Other Yellow,colour_group_name,0.0004183893380097583
220,colour_group_name_Pink,colour_group_name,0.0004162602651309364
221,colour_group_name_Purple,colour_group_name,0.00041443099720159726
222,colour_group_name_Red,colour_group_name,0.00041269256043361617
223,colour_group_name_Silver,colour_group_name,0.00041069842518393963
224,colour_group_name_Transparent,colour_group_name,0.0004087428879111055
225,colour_group_name_Turquoise,colour_group_name,0.0004019379180290203
226,colour_group_name_Unknown,colour_group_name,0.00039767181280032064
227,colour_group_name_White,colour_group_name,0.0003936391938400448
228,colour_group_name_Yellow,colour_group_name,0.0003874625997512243
229,colour_group_name_Yellowish Brown,colour_group_name,0.0003834839602789835
230,perceived_colour_value_name_Bright,perceived_colour_value_name,0.00038049244587572286
231,perceived_colour_value_name_Dark,perceived_colour_value_name,0.00037731411059285824
232,perceived_colour_value_name_Dusty Light,perceived_colour_value_name,0.000375397129831764
233,perceived_colour_value_name_Light,perceived_colour_value_name,0.00037357888936650975
234,perceived_colour_value_name_Medium,perceived_colour_value_name,0.00037134890439981727
235,perceived_colour_value_name_Medium Dusty,perceived_colour_value_name,0.000365892959998452
236,perceived_colour_value_name_Undefined,perceived_colour_value_name,0.00036420387607877334
237,perceived_colour_value_name_Unknown,perceived_colour_value_name,0.0003597229066866191
238,perceived_colour_master_name_Beige,perceived_colour_master_name,0.0003505986690256977
239,perceived_colour_master_name_Black,perceived_colour_master_name,0.00034780537225572686
240,perceived_colour_master_name_Blue,perceived_colour_master_name,0.0003461666202451486
241,perceived_colour_master_name_Bluish Green,perceived_colour_master_name,0.00034019658510553674
242,perceived_colour_master_name_Brown,perceived_colour_master_name,0.0003384837693834807
243,perceived_colour_master_name_Green,perceived_colour_master_name,0.0003366505683869589
244,perceived_colour_master_name_Grey,perceived_colour_master_name,0.00033313880842290465
245,perceived_colour_master_name_Khaki green,perceived_colour_master_name,0.0003327259990513263
246,perceived_colour_master_name_Lilac Purple,perceived_colour_master_name,0.000326892255314902
247,perceived_colour_master_name_Metal,perceived_colour_master_name,0.0003198127899151329
248,perceived_colour_master_name_Mole,perceived_colour_master_name,0.0003186270955911603
249,perceived_colour_master_name_Orange,perceived_colour_master_name,0.00031713150534850746
250,perceived_colour_master_name_Pink,perceived_colour_master_name,0.00031630409457216184
251,perceived_colour_master_name_Red,perceived_colour_master_name,0.000313442394193819
252,perceived_colour_master_name_Turquoise,perceived_colour_master_name,0.0003112383874935442
253,perceived_colour_master_name_Unknown,perceived_colour_master_name,0.00030719498021544543
254,perceived_colour_master_name_White,perceived_colour_master_name,0.0003055935164940036
255,perceived_colour_master_name_Yellow,perceived_colour_master_name,0.0003013561816709218
256,perceived_colour_master_name_Yellowish Green,perceived_colour_master_name,0.00029798670877433255
257,perceived_colour_master_name_undefined,perceived_colour_master_name,0.00029568574327998944
258,department_name_AK Bottoms,department_name,0.0002930748978722497
259,department_name_AK Dresses & Outdoor,department_name,0.00028829999193406836
260,department_name_AK Other,department_name,0.0002833274989815382
261,department_name_AK Tops Jersey & Woven,department_name,0.00027893363637688986
262,department_name_AK Tops Knitwear,department_name,0.0002735228528693289
263,department_name_Accessories,department_name,0.0002727828391406292
264,department_name_Accessories Boys,department_name,0.000271423564424901
265,department_name_Accessories Other,department_name,0.00026697514067738394
266,department_name_Asia Assortment,department_name,0.00026532028326837223
267,department_name_Baby Boy Jersey Fancy,department_name,0.00025918982858938434
268,department_name_Baby Boy Knitwear,department_name,0.00025617487051790767
269,department_name_Baby Boy Local Relevance,department_name,0.0002556267554662783
270,department_name_Baby Boy Outdoor,department_name,0.0002516512840575647
271,department_name_Baby Boy Woven,department_name,0.00024826162493014854
272,department_name_Baby Exclusive,department_name,0.00024672973767258567
273,department_name_Baby Girl Jersey Fancy,department_name,0.00024647202500368767
274,department_name_Baby Girl Knitwear,department_name,0.00024268449402135416
275,department_name_Baby Girl Local Relevance,department_name,0.00024129935426680496
276,department_name_Baby Girl Outdoor,department_name,0.0002391431675538732
277,department_name_Baby Girl Woven,department_name,0.00023753309381919713
278,department_name_Baby Nightwear,department_name,0.00023560191611463827
279,department_name_Baby Shoes,department_name,0.00023508442117388802
280,department_name_Baby Socks,department_name,0.000234565135578513
281,department_name_Baby Toys/Acc,department_name,0.0002313321155156429
282,department_name_Baby basics,department_name,0.00022538279244790362
283,department_name_Bags,department_name,0.00021940351158633434
284,department_name_Bags & Items,department_name,0.0002182463405069512
285,department_name_Basic 1,department_name,0.00021577489084638056
286,department_name_Basics,department_name,0.00021483644740411534
287,department_name_Belts,department_name,0.00021243716033047492
288,department_name_Blanks,department_name,0.00020869163641453286
289,department_name_Blazer,department_name,0.0002052672006367285
290,department_name_Blazer S&T,department_name,0.00020358782256969611
291,department_name_Blouse,department_name,0.00020228960478268961
292,department_name_Blouse & Dress,department_name,0.00020054227744996934
293,department_name_Boots,department_name,0.0001996359730940603
294,department_name_Bottoms,department_name,0.00019707648542711397
295,department_name_Bottoms Boys,department_name,0.00019552970047449967
296,department_name_Bottoms Girls,department_name,0.0001932609407348334
297,department_name_Boys Local Relevance,department_name,0.00019267926558235143
298,department_name_Boys Small Acc & Bags,department_name,0.00018965616648687037
299,department_name_Campaigns,department_name,0.00018786264687997863
300,department_name_Casual Lingerie,department_name,0.00018288603842945889
301,department_name_Clean Lingerie,department_name,0.00018097101237980382
302,department_name_Conscious Exclusive,department_name,0.0001801358695616623
303,department_name_Denim Other Garments,department_name,0.00017664618539319277
304,department_name_Denim Trousers,department_name,0.00017585963488638058
305,department_name_Denim shorts,department_name,0.0001747363304601626
306,department_name_Denim trousers,department_name,0.000173059781235044
307,department_name_Denim wardrobe H&M man inactive from S.6,department_name,0.00017284387042076313
308,department_name_Divided Shoes,department_name,0.00017190116922981407
309,department_name_Divided Swimwear,department_name,0.00017083153099251502
310,department_name_Divided+,department_name,0.00016710411759812276
311,department_name_Divided+ inactive from s.1,department_name,0.00016651050263928756
312,department_name_Dress,department_name,0.00016567435728893727
313,department_name_Dress-up Boys,department_name,0.00016388757129205718
314,department_name_Dresses,department_name,0.00016303506714904285
315,department_name_Dresses DS,department_name,0.00016133345275921626
316,department_name_EQ & Special Collections,department_name,0.00016012148183769135
317,department_name_EQ Divided Basics,department_name,0.00015849528572731765
318,department_name_EQ Divided Blue,department_name,0.00015619588573506687
319,department_name_EQ H&M Man,department_name,0.00015462762416849443
320,department_name_EQ Ladies Denim,department_name,0.0001516425493259595
321,department_name_Equatorial,department_name,0.00014951494705783697
322,department_name_Equatorial Assortment,department_name,0.00014757042207051932
323,department_name_Everyday Waredrobe Denim,department_name,0.0001472464748184101
324,department_name_Expressive Lingerie,department_name,0.00014561202632107684
325,department_name_Flats,department_name,0.00014233797677594358
326,department_name_Functional Lingerie,department_name,0.00014055207854109106
327,department_name_Girls Local Relevance,department_name,0.00013681496793352825
328,department_name_Girls Projects,department_name,0.00013675982795869888
329,department_name_Girls Small Acc/Bags,department_name,0.00013633133153596514
330,department_name_Gloves/Hats,department_name,0.000130902518393097
331,department_name_Hair Accessories,department_name,0.0001305167436298587
332,department_name_Heavy Basic Jersey,department_name,0.0001257949779113699
333,department_name_Heels,department_name,0.00012485158445697914
334,department_name_Jacket,department_name,0.00012268641474094967
335,department_name_Jacket Casual,department_name,0.00012257633477512564
336,department_name_Jacket Smart,department_name,0.00012162021368810239
337,department_name_Jacket Street,department_name,0.00012013599313736777
338,department_name_Jackets,department_name,0.00011900462301643868
339,department_name_Jersey,department_name,0.00011517978250495714
340,department_name_Jersey Basic,department_name,0.0001142269751715031
341,department_name_Jersey Fancy,department_name,0.0001117241083397007
342,department_name_Jersey Fancy DS,department_name,0.00011088902093966759
343,department_name_Jersey License,department_name,0.00010931787029985898
344,department_name_Jersey Occasion,department_name,0.00010863544334870954
345,department_name_Jersey fancy,department_name,0.00010802776242237594
346,department_name_Jersey inactive from S.6,department_name,0.00010596427818349846
347,department_name_Jersey inactive from s1,department_name,0.00010252393999809672
348,department_name_Jersey/Knitwear Premium,department_name,0.00010051393511681291
349,department_name_Jewellery,department_name,9.828445778752369e-05
350,department_name_Jewellery Extended,department_name,9.751898940301673e-05
351,department_name_Kids Boy Big Acc,department_name,9.585988252385482e-05
352,department_name_Kids Boy Denim,department_name,9.517777827591095e-05
353,department_name_Kids Boy Exclusive,department_name,9.39760119471268e-05
354,department_name_Kids Boy Jersey Basic,department_name,9.262294917136947e-05
355,department_name_Kids Boy Jersey Fancy,department_name,9.110862026960953e-05
356,department_name_Kids Boy Knitwear,department_name,9.018496356220519e-05
357,department_name_Kids Boy License,department_name,8.931056323782899e-05
358,department_name_Kids Boy Outdoor,department_name,8.855094959011547e-05
359,department_name_Kids Boy Shirt,department_name,8.758807439731952e-05
360,department_name_Kids Boy Shoes,department_name,8.68546901385367e-05
361,department_name_Kids Boy Shorts,department_name,8.51140509297189e-05
362,department_name_Kids Boy Socks,department_name,8.270227316027372e-05
363,department_name_Kids Boy Swimwear,department_name,8.058084818612425e-05
364,department_name_Kids Boy Trouser,department_name,8.00179311475855e-05
365,department_name_Kids Boy UW/NW,department_name,7.964420181113624e-05
366,department_name_Kids Dress-up/Football,department_name,7.786344524637587e-05
367,department_name_Kids Girl Big Acc,department_name,7.621357136439698e-05
368,department_name_Kids Girl Denim,department_name,7.478266229798587e-05
369,department_name_Kids Girl Dresses,department_name,7.411602320956507e-05
370,department_name_Kids Girl Exclusive,department_name,7.33179920304668e-05
371,department_name_Kids Girl Jersey Basic,department_name,7.290851870659586e-05
372,department_name_Kids Girl Jersey Fancy,department_name,7.008583001275344e-05
373,department_name_Kids Girl Knitwear,department_name,6.957584459396608e-05
374,department_name_Kids Girl License,department_name,6.939807551640249e-05
375,department_name_Kids Girl Outdoor,department_name,6.918852029091604e-05
376,department_name_Kids Girl S&T,department_name,6.766034275115542e-05
377,department_name_Kids Girl Shoes,department_name,6.669557890383791e-05
378,department_name_Kids Girl Swimwear,department_name,6.605870229931623e-05
379,department_name_Kids Girl Trouser,department_name,6.539009778919709e-05
380,department_name_Kids Girl UW/NW,department_name,6.485055176801719e-05
381,department_name_Knit & Woven,department_name,6.312159341137793e-05
382,department_name_Knitwear,department_name,6.260719633601169e-05
383,department_name_Knitwear Basic,department_name,6.139540741343566e-05
384,department_name_Knitwear inactive from s1,department_name,5.906817984902801e-05
385,department_name_Ladies Sport Acc,department_name,5.842450512903424e-05
386,department_name_Ladies Sport Bottoms,department_name,5.7867206216948635e-05
387,department_name_Ladies Sport Bras,department_name,5.709720277802494e-05
388,department_name_Ladies Sport Woven,department_name,5.6470287068019976e-05
389,department_name_License,department_name,5.51070156963726e-05
390,department_name_Light Basic Jersey,department_name,5.4535029744446684e-05
391,department_name_Limited Edition,department_name,5.409091441858234e-05
392,department_name_Local relevance,department_name,5.375940501117055e-05
393,department_name_Loungewear,department_name,5.310358164208537e-05
394,department_name_Mama Lingerie,department_name,5.273207175313739e-05
395,department_name_Men Sport Acc,department_name,5.185764773380137e-05
396,department_name_Men Sport Bottoms,department_name,5.0053724505553794e-05
397,department_name_Men Sport Tops,department_name,4.947146111531403e-05
398,department_name_Men Sport Woven,department_name,4.6979524810146145e-05
399,department_name_Newborn,department_name,4.619470868072395e-05
400,department_name_Nightwear,department_name,4.4581627802343984e-05
401,department_name_Nursing,department_name,4.2591803791896865e-05
402,department_name_OL Extended Sizes,department_name,4.198129714457024e-05
403,department_name_On Demand,department_name,4.1019084596711324e-05
404,department_name_Other Accessories,department_name,3.7733213181539424e-05
405,department_name_Other items,department_name,3.60019129980115e-05
406,department_name_Outdoor inactive from s1,department_name,3.581184663557461e-05
407,department_name_Outdoor/Blazers,department_name,3.492150100464046e-05
408,department_name_Outdoor/Blazers DS,department_name,3.466735853030814e-05
409,department_name_Outwear,department_name,3.418454912787422e-05
410,department_name_Outwear & Blazers,department_name,3.232579736854092e-05
411,department_name_Premium Quality,department_name,3.180567475874027e-05
412,department_name_Price Items,department_name,3.122313111121076e-05
413,department_name_Projects,department_name,3.04401955261564e-05
414,department_name_Projects Dresses,department_name,3.0185355499662666e-05
415,department_name_Projects Jersey & Knitwear,department_name,2.9509719040184285e-05
416,department_name_Projects Woven Bottoms,department_name,2.9321747619950657e-05
417,department_name_Projects Woven Tops,department_name,2.793543510085008e-05
418,department_name_Promotion / Other / Offer,department_name,2.7626567486904747e-05
419,department_name_Promotion/ Other /Offer,department_name,2.731744987697509e-05
420,department_name_Promotion/Other/Offer,department_name,2.672416865153239e-05
421,department_name_Read & React,department_name,2.6343047129850402e-05
422,department_name_Scarves,department_name,2.493216329793847e-05
423,department_name_Shirt,department_name,2.4640833324837e-05
424,department_name_Shirt Extended inactive from s1,department_name,2.3655026682530944e-05
425,department_name_Shirt S&T,department_name,2.339722649479582e-05
426,department_name_Shoes,department_name,2.284232057720039e-05
427,department_name_Shoes / Boots inactive from s5,department_name,2.1654879703145876e-05
428,department_name_Shoes Other,department_name,2.0961328921399914e-05
429,department_name_Shopbasket Lingerie,department_name,2.0591135726214654e-05
430,department_name_Shopbasket Socks,department_name,1.9784897881561913e-05
431,department_name_Shorts,department_name,1.88427202904845e-05
432,department_name_Shorts & Skirts,department_name,1.790417436408619e-05
433,department_name_Shorts DS,department_name,1.7367707126065542e-05
434,department_name_Skirt,department_name,1.674513817165144e-05
435,department_name_Skirts,department_name,1.627471852903608e-05
436,department_name_Skirts DS,department_name,1.4829068850036249e-05
437,department_name_Small Acc. Jewellery & Other,department_name,1.4790138014535297e-05
438,department_name_Small Accessories,department_name,1.43666432818458e-05
439,department_name_Small Accessories Extended,department_name,1.4096540233201434e-05
440,department_name_Small Bags,department_name,1.2394261923733252e-05
441,department_name_Sneakers,department_name,1.2067537677703221e-05
442,department_name_Sneakers big girl inactive from s2,department_name,1.1437440605254515e-05
443,department_name_Sneakers small girl inactive from s2,department_name,1.1417774069138219e-05
444,department_name_Socks,department_name,1.1101962593889349e-05
445,department_name_Socks Bin,department_name,9.983629803102628e-06
446,department_name_Socks Wall,department_name,9.637909980069766e-06
447,department_name_Special Collection,department_name,9.41792314332176e-06
448,department_name_Studio Collection,department_name,9.333132629778068e-06
449,department_name_Suit,department_name,9.184486816040264e-06
450,department_name_Suit Extended inactive from s1,department_name,8.911527302325447e-06
451,department_name_Suit jacket,department_name,8.328192272350075e-06
452,department_name_Sunglasses,department_name,8.25631031515234e-06
453,department_name_Swimwear,department_name,8.101976509145991e-06
454,department_name_Take Care External,department_name,7.89377169669714e-06
455,department_name_Take care,department_name,7.766747610979071e-06
456,department_name_Test Ladies,department_name,7.653967378142783e-06
457,department_name_Tights basic,department_name,7.56433011270815e-06
458,department_name_Tops & Bottoms Other,department_name,7.048276654037675e-06
459,department_name_Tops Boys,department_name,6.813025335614085e-06
460,department_name_Tops Fancy Jersey,department_name,6.506394476031114e-06
461,department_name_Tops Girls,department_name,5.9496044360914204e-06
462,department_name_Tops Knitwear,department_name,5.701035389497502e-06
463,department_name_Tops Knitwear DS,department_name,5.624209452746332e-06
464,department_name_Tops Woven,department_name,4.951393388664232e-06
465,department_name_Tops woven DS,department_name,4.638538489725395e-06
466,department_name_Trouser,department_name,4.608453429947545e-06
467,department_name_Trouser S&T,department_name,4.291292046169448e-06
468,department_name_Trousers,department_name,3.932384600617293e-06
469,department_name_Trousers & Skirt,department_name,3.840947801131307e-06
470,department_name_Trousers DS,department_name,3.760016225543891e-06
471,department_name_UW,department_name,3.472858287838513e-06
472,department_name_Underwear Jersey,department_name,3.4224633781000128e-06
473,department_name_Underwear Jersey Fancy inactive from s1,department_name,3.275260801320027e-06
474,department_name_Underwear Woven,department_name,3.174335866267172e-06
475,department_name_Woven,department_name,2.9545456035661735e-06
476,department_name_Woven Occasion,department_name,2.8165700533861237e-06
477,department_name_Woven Premium,department_name,2.736158521439478e-06
478,department_name_Woven Tops,department_name,2.292597186409587e-06
479,department_name_Woven bottoms,department_name,2.204517135694016e-06
480,department_name_Woven bottoms inactive from S.7,department_name,2.18111895623e-06
481,department_name_Woven inactive from s1,department_name,1.698281581102228e-06
482,department_name_Woven top,department_name,1.5902682044760907e-06
483,department_name_Young Boy Big Acc,department_name,1.5511017119642744e-06
484,department_name_Young Boy Denim,department_name,1.4171759488952365e-06
485,department_name_Young Boy Jersey Basic,department_name,1.3634546441085383e-06
486,department_name_Young Boy Jersey Fancy,department_name,1.3165121878698474e-06
487,department_name_Young Boy Knitwear,department_name,1.268782818126011e-06
488,department_name_Young Boy Outdoor,department_name,1.2147915945532978e-06
489,department_name_Young Boy Shirt,department_name,1.2120688510164163e-06
490,department_name_Young Boy Shoes,department_name,1.1960447002014166e-06
491,department_name_Young Boy Shorts,department_name,1.1777844729679191e-06
492,department_name_Young Boy Socks,department_name,1.159336649130341e-06
493,department_name_Young Boy Trouser,department_name,1.1257802827574346e-06
494,department_name_Young Boy UW/NW,department_name,1.1022585678470041e-06
495,department_name_Young Girl Big Acc,department_name,1.1022585678469975e-06
496,department_name_Young Girl Denim,department_name,1.101773492027806e-06
497,department_name_Young Girl Dresses,department_name,1.1014559292428338e-06
498,department_name_Young Girl Jersey Basic,department_name,1.1008676306402494e-06
499,department_name_Young Girl Jersey Fancy,department_name,5.315359170664985e-07
500,department_name_Young Girl Knitwear,department_name,1.515066919316563e-32
501,department_name_Young Girl Outdoor,department_name,7.299073735333581e-33
502,department_name_Young Girl S&T,department_name,6.095268135905748e-33
503,department_name_Young Girl Shoes,department_name,4.96633629682516e-33
504,department_name_Young Girl Swimwear,department_name,4.244552733191458e-33
505,department_name_Young Girl Trouser,department_name,3.7844267066646804e-33
506,department_name_Young Girl UW/NW,department_name,2.9693051180063617e-33
507,department_name_Young boy Swimwear,department_name,2.515665732239557e-33
508,index_group_name_Baby/Children,index_group_name,2.465530343427246e-33
509,index_group_name_Divided,index_group_name,2.398990293256608e-33
510,index_group_name_Ladieswear,index_group_name,2.0253198858670456e-33
511,index_group_name_Menswear,index_group_name,1.612155319409135e-33
512,index_group_name_Sport,index_group_name,1.5709123926568756e-33
513,section_name_Baby Boy,section_name,1.218620237050639e-33
514,section_name_Baby Essentials & Complements,section_name,1.1885485953526832e-33
515,section_name_Baby Girl,section_name,1.0717434127487773e-33
516,section_name_Boys Underwear & Basics,section_name,8.830552477643307e-34
517,section_name_Collaborations,section_name,8.7869630113429e-34
518,section_name_Contemporary Casual,section_name,6.928245094470495e-34
519,section_name_Contemporary Smart,section_name,5.540707625872027e-34
520,section_name_Contemporary Street,section_name,5.5230856776579545e-34
521,section_name_Denim Men,section_name,3.98535550716427e-34
522,section_name_Divided Accessories,section_name,3.2572057682089154e-34
523,section_name_Divided Asia keys,section_name,3.1340987382736717e-34
524,section_name_Divided Basics,section_name,3.0031147231734045e-34
525,section_name_Divided Collection,section_name,2.8724685252210005e-34
526,section_name_Divided Complements Other,section_name,2.780333153081723e-34
527,section_name_Divided Projects,section_name,2.780333153081723e-34
528,section_name_Divided Selected,section_name,2.780333153081723e-34
529,section_name_EQ Divided,section_name,2.780333153081723e-34
530,section_name_Girls Underwear & Basics,section_name,2.780333153081723e-34
531,section_name_H&M+,section_name,2.780333153081723e-34
532,section_name_Kids & Baby Shoes,section_name,2.780333153081723e-34
533,"section_name_Kids Accessories, Swimwear & D",section_name,2.780333153081723e-34
534,section_name_Kids Boy,section_name,2.780333153081723e-34
535,section_name_Kids Girl,section_name,2.780333153081723e-34
536,section_name_Kids Local Relevance,section_name,2.780333153081723e-34
537,section_name_Kids Outerwear,section_name,2.780333153081723e-34
538,section_name_Kids Sports,section_name,2.780333153081723e-34
539,section_name_Ladies Denim,section_name,2.780333153081723e-34
540,section_name_Ladies H&M Sport,section_name,2.780333153081723e-34
541,section_name_Ladies Other,section_name,2.780333153081723e-34
542,section_name_Mama,section_name,2.780333153081723e-34
543,section_name_Men Accessories,section_name,2.780333153081723e-34
544,section_name_Men Edition,section_name,2.780333153081723e-34
545,section_name_Men H&M Sport,section_name,2.780333153081723e-34
546,section_name_Men Other,section_name,2.780333153081723e-34
547,section_name_Men Other 2,section_name,2.780333153081723e-34
548,section_name_Men Project,section_name,2.780333153081723e-34
549,section_name_Men Shoes,section_name,2.780333153081723e-34
550,section_name_Men Suits & Tailoring,section_name,2.780333153081723e-34
551,section_name_Men Underwear,section_name,2.780333153081723e-34
552,section_name_Mens Outerwear,section_name,2.780333153081723e-34
553,section_name_Special Collections,section_name,2.780333153081723e-34
554,section_name_Womens Big accessories,section_name,2.780333153081723e-34
555,section_name_Womens Casual,section_name,2.780333153081723e-34
556,section_name_Womens Everyday Basics,section_name,2.780333153081723e-34
557,section_name_Womens Everyday Collection,section_name,2.780333153081723e-34
558,section_name_Womens Jackets,section_name,2.780333153081723e-34
559,section_name_Womens Lingerie,section_name,2.780333153081723e-34
560,"section_name_Womens Nightwear, Socks & Tigh",section_name,2.780333153081723e-34
561,section_name_Womens Premium,section_name,2.780333153081723e-34
562,section_name_Womens Shoes,section_name,2.780333153081723e-34
563,section_name_Womens Small accessories,section_name,2.780333153081723e-34
564,"section_name_Womens Swimwear, beachwear",section_name,2.780333153081723e-34
565,section_name_Womens Tailoring,section_name,2.780333153081723e-34
566,section_name_Womens Trend,section_name,2.780333153081723e-34
567,section_name_Young Boy,section_name,2.780333153081723e-34
568,section_name_Young Girl,section_name,2.780333153081723e-34
569,garment_group_name_Accessories,garment_group_name,2.780333153081723e-34
570,garment_group_name_Blouses,garment_group_name,2.780333153081723e-34
571,garment_group_name_Dressed,garment_group_name,2.780333153081723e-34
572,garment_group_name_Dresses Ladies,garment_group_name,2.780333153081723e-34
573,garment_group_name_Dresses/Skirts girls,garment_group_name,2.780333153081723e-34
574,garment_group_name_Jersey Basic,garment_group_name,2.780333153081723e-34
575,garment_group_name_Jersey Fancy,garment_group_name,2.780333153081723e-34
576,garment_group_name_Knitwear,garment_group_name,2.780333153081723e-34
577,garment_group_name_Outdoor,garment_group_name,2.780333153081723e-34
578,garment_group_name_Shirts,garment_group_name,2.780333153081723e-34
579,garment_group_name_Shoes,garment_group_name,2.780333153081723e-34
580,garment_group_name_Shorts,garment_group_name,2.780333153081723e-34
581,garment_group_name_Skirts,garment_group_name,2.780333153081723e-34
582,garment_group_name_Socks and Tights,garment_group_name,2.780333153081723e-34
583,garment_group_name_Special Offers,garment_group_name,2.623839141448144e-34
584,garment_group_name_Swimwear,garment_group_name,2.057961104407804e-34
585,garment_group_name_Trousers,garment_group_name,1.848823930573033e-34
586,garment_group_name_Trousers Denim,garment_group_name,1.0875092674169983e-34
587,"garment_group_name_Under-, Nightwear",garment_group_name,4.5474631938902957e-35
588,garment_group_name_Unknown,garment_group_name,1.6470852659001835e-35
589,garment_group_name_Woven/Jersey/Knitted mix Baby,garment_group_name,4.5891022774014004e-36
